string_id	symbol	string_name	string_sequece	string_description	MCODE_status	MCODE_score
stringdb:9606.ENSP00000354476	SREBF2	Q12772	MDDSGELGGLETMETLTELGDELTLGDIDEMLQFVSNQVGEFPDLFSEQLCSSFPGSGGSGSSSGSSGSSSSSSNGRGSSSGAVDPSVQRSFTQVTLPSFSPSAASPQAPTLQVKVSPTSVPTTPRATPILQPRPQPQPQPQTQLQQQTVMITPTFSTTPQTRIIQQPLIYQNAATSFQVLQPQVQSLVTSSQVQPVTIQQQVQTVQAQRVLTQTANGTLQTLAPATVQTVAAPQVQQVPVLVQPQIIKTDSLVLTTLKTDGSPVMAAVQNPALTALTTPIQTAALQVPTLVGSSGTILTTMPVMMGQEKVPIKQVPGGVKQLEPPKEGERRTTHNIIEKRYRSSINDKIIELKDLVMGTDAKMHKSGVLRKAIDYIKYLQQVNHKLRQENMVLKLANQKNKLLKGIDLGSLVDNEVDLKIEDFNQNVLLMSPPASDSGSQAGFSPYSIDSEPGSPLLDDAKVKDEPDSPPVALGMVDRSRILLCVLTFLCLSFNPLTSLLQWGGAHDSDQHPHSGSGRSVLSFESGSGGWFDWMMPTLLLWLVNGVIVLSVFVKLLVHGEPVIRPHSRSSVTFWRHRKQADLDLARGDFAAAAGNLQTCLAVLGRALPTSRLDLACSLSWNVIRYSLQKLRLVRWLLKKVFQCRRATPATEAGFEDEAKTSARDAALAYHRLHQLHITGKLPAGSACSDVHMALCAVNLAECAEEKIPPSTLVEIHLTAAMGLKTRCGGKLGFLASYFLSRAQSLCGPEHSAVPDSLRWLCHPLGQKFFMERSWSVKSAAKESLYCAQRNPADPIAQVHQAFCKNLLERAIESLVKPQAKKKAGDQEEESCEFSSALEYLKLLHSFVDSVGVMSPPLSRSSVLKSALGPDIICRWWTSAITVAISWLQGDDAAVRSHFTKVERIPKALEVTESPLVKAIFHACRAMHASLPGKADGQQSSFCHCERASGHLWSSLNVSGATSDPALNHVVQLLTCDLLLSLRTALWQKQASASQAVGETYHASGAELAGFQRDLGSLRRLAHSFRPAYRKVFLHEATVRLMAGASPTRTHQLLEHSLRRRTTQSTKHGEVDAWPGQRERATAILLACRHLPLSFLSSPGQRAVLLAEAARTLEKVGDRRSCNDCQQMIVKLGGGTAIAAS	Sterol regulatory element binding transcription factor 2; Transcriptional activator required for lipid homeostasis. Regulates transcription of the LDL receptor gene as well as the cholesterol and to a lesser degree the fatty acid synthesis pathway (By similarity). Binds the sterol regulatory element 1 (SRE-1) (5'-ATCACCCCAC-3') found in the flanking region of the LDRL and HMG-CoA synthase genes; Basic helix-loop-helix proteins	Seed	6
stringdb:9606.ENSP00000261507	MSMO1	Q15800	MATNESVSIFSSASLAVEYVDSLLPENPLQEPFKNAWNYMLNNYTKFQIATWGSLIVHEALYFLFCLPGFLFQFIPYMKKYKIQKDKPETWENQWKCFKVLLFNHFCIQLPLICGTYYFTEYFNIPYDWERMPRWYFLLARCFGCAVIEDTWHYFLHRLLHHKRIYKYIHKVHHEFQAPFGMEAEYAHPLETLILGTGFFIGIVLLCDHVILLWAWVTIRLLETIDVHSGYDIPLNPLNLIPFYAGSRHHDFHHMNFIGNYASTFTWWDRIFGTDSQYNAYNEKRKKFEKKTE	Methylsterol monooxygenase 1; Catalyzes the first step in the removal of the two C-4 methyl groups of 4,4-dimethylzymosterol; Belongs to the sterol desaturase family.	Clustered	6
stringdb:9606.ENSP00000348069	SREBF1	Q8TAK9	MDEPPFSEAALEQALGEPCDLDAALLTDIEGEVGAGRGRANGLDAPRAGADRGAMDCTFEDMLQLINNQDSDFPGLFDPPYAGSGAGGTDPASPDTSSPGSLSPPPATLSSSLEAFLSGPQAAPSPLSPPQPAPTPLKMYPSMPAFSPGPGIKEESVPLSILQTPTPQPLPGALLPQSFPAPAPPQFSSTPVLGYPSPPGGFSTGSPPGNTQQPLPGLPLASPPGVPPVSLHTQVQSVVPQQLLTVTAAPTAAPVTTTVTSQIQQVPVLLQPHFIKADSLLLTAMKTDGATVKAAGLSPLVSGTTVQTGPLPTLVSGGTILATVPLVVDAEKLPINRLAAGSKAPASAQSRGEKRTAHNAIEKRYRSSINDKIIELKDLVVGTEAKLNKSAVLRKAIDYIRFLQHSNQKLKQENLSLRTAVHKSKSLKDLVSACGSGGNTDVLMEGVKTEVEDTLTPPPSDAGSPFQSSPLSLGSRGSGSGGSGSDSEPDSPVFEDSKAKPEQRPSLHSRGMLDRSRLALCTLVFLCLSCNPLASLLGARGLPSPSDTTSVYHSPGRNVLGTESRDGPGWAQWLLPPVVWLLNGLLVLVSLVLLFVYGEPVTRPHSGPAVYFWRHRKQADLDLARGDFAQAAQQLWLALRALGRPLPTSHLDLACSLLWNLIRHLLQRLWVGRWLAGRAGGLQQDCALRVDASASARDAALVYHKLHQLHTMGKHTGGHLTATNLALSALNLAECAGDAVSVATLAEIYVAAALRVKTSLPRALHFLTRFFLSSARQACLAQSGSVPPAMQWLCHPVGHRFFVDGDWSVLSTPWESLYSLAGNPVDPLAQVTQLFREHLLERALNCVTQPNPSPGSADGDKEFSDALGYLQLLNSCSDAAGAPAYSFSISSSMATTTGVDPVAKWWASLTAVVIHWLRRDEEAAERLCPLVEHLPRVLQESERPLPRAALHSFKAARALLGCAKAESGPASLTICEKASGYLQDSLATTPASSSIDKAVQLFLCDLLLVVRTSLWRQQQPPAPAPAAQGTSSRPQASALELRGFQRDLSSLRRLAQSFRPAMRRVFLHEATARLMAGASPTRTHQLLDRSLRRRAGPGGKGGAVAELEPRPTRREHAEALLLASCYLPPGFLSAPGQRVGMLAEAARTLEKLGDRRLLHDCQQMLMRLGGGTTVTSS	Sterol regulatory element binding transcription factor 1; Transcriptional activator required for lipid homeostasis. Regulates transcription of the LDL receptor gene as well as the fatty acid and to a lesser degree the cholesterol synthesis pathway (By similarity). Binds to the sterol regulatory element 1 (SRE-1) (5'-ATCACCCCAC-3'). Has dual sequence specificity binding to both an E-box motif (5'-ATCACGTGA-3') and to SRE-1 (5'-ATCACCCCAC-3'); Basic helix-loop-helix proteins	Clustered	6
stringdb:9606.ENSP00000480828	FDFT1	P37268	MEFVKCLGHPEEFYNLVRFRIGGKRKVMPKMDQDSLSSSLKTCYKYLNQTSRSFAAVIQALDGEMRNAVCIFYLVLRALDTLEDDMTISVEKKVPLLHNFHSFLYQPDWRFMESKEKDRQVLEDFPTISLEFRNLAEKYQTVIADICRRMGIGMAEFLDKHVTSEQEWDKYCHYVAGLVGIGLSRLFSASEFEDPLVGEDTERANSMGLFLQKTNIIRDYLEDQQGGREFWPQEVWSRYVKKLGDFAKPENIDLAVQCLNELITNALHHIPDVITYLSRLRNQSVFNFCAIPQVMAIATLAACYNNQQVFKGAVKIRKGQAVTLMMDATNMPAVKAIIYQYMEEIYHRIPDSDPSSSKTRQIISTIRTQNLPNCQLISRSHYSPIYLSFVMLLAALSWQYLTTLSQVTEDYVQTGEH	Farnesyl-diphosphate farnesyltransferase 1	Clustered	5.5
stringdb:9606.ENSP00000349078	FDPS	P14324	MPLSRWLRSVGVFLLPAPYWAPRERWLGSLRRPSLVHGYPVLAWHSARCWCQAWTEEPRALCSSLRMNGDQNSDVYAQEKQDFVQHFSQIVRVLTEDEMGHPEIGDAIARLKEVLEYNAIGGKYNRGLTVVVAFRELVEPRKQDADSLQRAWTVGWCVELLQAFFLVADDIMDSSLTRRGQICWYQKPGVGLDAINDANLLEACIYRLLKLYCREQPYYLNLIELFLQSSYQTEIGQTLDLLTAPQGNVDLVRFTEKRYKSIVKYKTAFYSFYLPIAAAMYMAGIDGEKEHANAKKILLEMGEFFQIQDDYLDLFGDPSVTGKIGTDIQDNKCSWLVVQCLQRATPEQYQILKENYGQKEAEKVARVKALYEELDLPAVFLQYEEDSYSHIMALIEQYAAPLPPAVFLGLARKIYKRRK	(2E,6E)-farnesyl diphosphate synthase; Key enzyme in isoprenoid biosynthesis which catalyzes the formation of farnesyl diphosphate (FPP), a precursor for several classes of essential metabolites including sterols, dolichols, carotenoids, and ubiquinones. FPP also serves as substrate for protein farnesylation and geranylgeranylation. Catalyzes the sequential condensation of isopentenyl pyrophosphate with the allylic pyrophosphates, dimethylallyl pyrophosphate, and then with the resultant geranylpyrophosphate to the ultimate product farnesyl pyrophosphate.	Clustered	5.5
stringdb:9606.ENSP00000003100	CYP51A1	Q16850	MAAAAGMLLLGLLQAGGSVLGQAMEKVTGGNLLSMLLIACAFTLSLVYLIRLAAGHLVQLPAGVKSPPYIFSPIPFLGHAIAFGKSPIEFLENAYEKYGPVFSFTMVGKTFTYLLGSDAAALLFNSKNEDLNAEDVYSRLTTPVFGKGVAYDVPNPVFLEQKKMLKSGLNIAHFKQHVSIIEKETKEYFESWGESGEKNVFEALSELIILTASHCLHGKEIRSQLNEKVAQLYADLDGGFSHAAWLLPGWLPLPSFRRRDRAHREIKDIFYKAIQKRRQSQEKIDDILQTLLDATYKDGRPLTDDEVAGMLIGLLLAGQHTSSTTSAWMGFFLARDKTLQKKCYLEQKTVCGENLPPLTYDQLKDLNLLDRCIKETLRLRPPIMIMMRMARTPQTVAGYTIPPGHQVCVSPTVNQRLKDSWVERLDFNPDRYLQDNPASGEKFAYVPFGAGRHRCIGENFAYVQIKTIWSTMLRLYEFDLIDGYFPTVNYTTMIHTPENPVIRYKRRSK	Cytochrome P450, family 51, subfamily A, polypeptide 1; Catalyzes C14-demethylation of lanosterol; it transforms lanosterol into 4,4'-dimethyl cholesta-8,14,24-triene-3-beta-ol; Cytochrome P450 family 51	Clustered	5.5
stringdb:9606.ENSP00000370748	IDI1	Q13907	MWRGLALARAIGCAARGRGQWAVRAADCAQSGRHPGPAVVCGRRLISVLEQIRHFVMMPEINTNHLDKQQVQLLAEMCILIDENDNKIGAETKKNCHLNENIEKGLLHRAFSVFLFNTENKLLLQQRSDAKITFPGCFTNTCCSHPLSNPAELEESDALGVRRAAQRRLKAELGIPLEEVPPEEINYLTRIHYKAQSDGIWGEHEIDYILLVRKNVTLNPDPNEIKSYCYVSKEELKELLKKAASGEIKITPWFKIIAATFLFKWWDNLNHLNQFVDHEKIYRM	Isopentenyl-diphosphate Delta-isomerase 1; Catalyzes the 1,3-allylic rearrangement of the homoallylic substrate isopentenyl (IPP) to its highly electrophilic allylic isomer, dimethylallyl diphosphate (DMAPP).	Clustered	5.5
stringdb:9606.ENSP00000322706	HMGCS1	Q01581	MPGSLPLNAEACWPKDVGIVALEIYFPSQYVDQAELEKYDGVDAGKYTIGLGQAKMGFCTDREDINSLCMTVVQNLMERNNLSYDCIGRLEVGTETIIDKSKSVKTNLMQLFEESGNTDIEGIDTTNACYGGTAAVFNAVNWIESSSWDGRYALVVAGDIAVYATGNARPTGGVGAVALLIGPNAPLIFERGLRGTHMQHAYDFYKPDMLSEYPIVDGKLSIQCYLSALDRCYSVYCKKIHAQWQKEGNDKDFTLNDFGFMIFHSPYCKLVQKSLARMLLNDFLNDQNRDKNSIYSGLEAFGDVKLEDTYFDRDVEKAFMKASSELFSQKTKASLLVSNQNGNMYTSSVYGSLASVLAQYSPQQLAGKRIGVFSYGSGLAATLYSLKVTQDATPGSALDKITASLCDLKSRLDSRTGVAPDVFAENMKLREDTHHLVNYIPQGSIDSLFEGTWYLVRVDEKHRRTYARRPTPNDDTLDEGVGLVHSNIATEHIPSPAKKVPRLPATAAEPEAAVISNGEH	3-hydroxy-3-methylglutaryl-CoA synthase 1 (soluble); This enzyme condenses acetyl-CoA with acetoacetyl-CoA to form HMG-CoA, which is the substrate for HMG-CoA reductase.	Clustered	5.5
stringdb:9606.ENSP00000287936	HMGCR	P04035	MLSRLFRMHGLFVASHPWEVIVGTVTLTICMMSMNMFTGNNKICGWNYECPKFEEDVLSSDIIILTITRCIAILYIYFQFQNLRQLGSKYILGIAGLFTIFSSFVFSTVVIHFLDKELTGLNEALPFFLLLIDLSRASTLAKFALSSNSQDEVRENIARGMAILGPTFTLDALVECLVIGVGTMSGVRQLEIMCCFGCMSVLANYFVFMTFFPACVSLVLELSRESREGRPIWQLSHFARVLEEEENKPNPVTQRVKMIMSLGLVLVHAHSRWIADPSPQNSTADTSKVSLGLDENVSKRIEPSVSLWQFYLSKMISMDIEQVITLSLALLLAVKYIFFEQTETESTLSLKNPITSPVVTQKKVPDNCCRREPMLVRNNQKCDSVEEETGINRERKVEVIKPLVAETDTPNRATFVVGNSSLLDTSSVLVTQEPEIELPREPRPNEECLQILGNAEKGAKFLSDAEIIQLVNAKHIPAYKLETLMETHERGVSIRRQLLSKKLSEPSSLQYLPYRDYNYSLVMGACCENVIGYMPIPVGVAGPLCLDEKEFQVPMATTEGCLVASTNRGCRAIGLGGGASSRVLADGMTRGPVVRLPRACDSAEVKAWLETSEGFAVIKEAFDSTSRFARLQKLHTSIAGRNLYIRFQSRSGDAMGMNMISKGTEKALSKLHEYFPEMQILAVSGNYCTDKKPAAINWIEGRGKSVVCEAVIPAKVVREVLKTTTEAMIEVNINKNLVGSAMAGSIGGYNAHAANIVTAIYIACGQDAAQNVGSSNCITLMEASGPTNEDLYISCTMPSIEIGTVGGGTNLLPQQACLQMLGVQGACKDNPGENARQLARIVCGTVMAGELSLMAALAAGHLVKSHMIHNRSKINLQDLQGACTKKTA	3-hydroxy-3-methylglutaryl-coenzyme A reductase; Transmembrane glycoprotein that is the rate-limiting enzyme in cholesterol biosynthesis as well as in the biosynthesis of nonsterol isoprenoids that are essential for normal cell function including ubiquinone and geranylgeranyl proteins; Belongs to the HMG-CoA reductase family.	Clustered	5.5
